[
{
  "model": "sistema.provincia",
  "pk": 1,
  "fields": {
    "nombre": "Buenos Aires"
  }
},
{
  "model": "sistema.provincia",
  "pk": 2,
  "fields": {
    "nombre": "Catamarca"
  }
},
{
  "model": "sistema.provincia",
  "pk": 3,
  "fields": {
    "nombre": "Chaco"
  }
},
{
  "model": "sistema.provincia",
  "pk": 4,
  "fields": {
    "nombre": "Chubut"
  }
},
{
  "model": "sistema.provincia",
  "pk": 5,
  "fields": {
    "nombre": "C\u00f3rdoba"
  }
},
{
  "model": "sistema.provincia",
  "pk": 6,
  "fields": {
    "nombre": "Corrientes"
  }
},
{
  "model": "sistema.provincia",
  "pk": 7,
  "fields": {
    "nombre": "Entre R\u00edos"
  }
},
{
  "model": "sistema.provincia",
  "pk": 8,
  "fields": {
    "nombre": "Formosa"
  }
},
{
  "model": "sistema.provincia",
  "pk": 9,
  "fields": {
    "nombre": "Jujuy"
  }
},
{
  "model": "sistema.provincia",
  "pk": 10,
  "fields": {
    "nombre": "La Pampa"
  }
},
{
  "model": "sistema.provincia",
  "pk": 11,
  "fields": {
    "nombre": "La Rioja"
  }
},
{
  "model": "sistema.provincia",
  "pk": 12,
  "fields": {
    "nombre": "Mendoza"
  }
},
{
  "model": "sistema.provincia",
  "pk": 13,
  "fields": {
    "nombre": "Misiones"
  }
},
{
  "model": "sistema.provincia",
  "pk": 14,
  "fields": {
    "nombre": "Neuqu\u00e9n"
  }
},
{
  "model": "sistema.provincia",
  "pk": 15,
  "fields": {
    "nombre": "R\u00edo Negro"
  }
},
{
  "model": "sistema.provincia",
  "pk": 16,
  "fields": {
    "nombre": "Salta"
  }
},
{
  "model": "sistema.provincia",
  "pk": 17,
  "fields": {
    "nombre": "San Juan"
  }
},
{
  "model": "sistema.provincia",
  "pk": 18,
  "fields": {
    "nombre": "San Luis"
  }
},
{
  "model": "sistema.provincia",
  "pk": 19,
  "fields": {
    "nombre": "Santa Cruz"
  }
},
{
  "model": "sistema.provincia",
  "pk": 20,
  "fields": {
    "nombre": "Santa Fe"
  }
},
{
  "model": "sistema.provincia",
  "pk": 21,
  "fields": {
    "nombre": "Santiago del Estero"
  }
},
{
  "model": "sistema.provincia",
  "pk": 22,
  "fields": {
    "nombre": "Tierra del Fuego"
  }
},
{
  "model": "sistema.provincia",
  "pk": 23,
  "fields": {
    "nombre": "Tucum\u00e1n"
  }
},
{
  "model": "sistema.provincia",
  "pk": 24,
  "fields": {
    "nombre": "CABA"
  }
},
{
  "model": "sistema.localidad",
  "pk": 1,
  "fields": {
    "nombre": "Zona A",
    "provincia": 24,
    "id_externo": ""
  }
},
{
  "model": "sistema.localidad",
  "pk": 2,
  "fields": {
    "nombre": "Zona B",
    "provincia": 24,
    "id_externo": ""
  }
},
{
  "model": "sistema.localidad",
  "pk": 3,
  "fields": {
    "nombre": "Centro",
    "provincia": 24,
    "id_externo": ""
  }
},
{
  "model": "sistema.localidad",
  "pk": 4,
  "fields": {
    "nombre": "AEP",
    "provincia": 24,
    "id_externo": ""
  }
},
{
  "model": "sistema.localidad",
  "pk": 5,
  "fields": {
    "nombre": "Buquebus",
    "provincia": 24,
    "id_externo": ""
  }
},
{
  "model": "sistema.localidad",
  "pk": 6,
  "fields": {
    "nombre": "Retiro",
    "provincia": 24,
    "id_externo": ""
  }
},
{
  "model": "sistema.localidad",
  "pk": 7,
  "fields": {
    "nombre": "Adrogue",
    "provincia": 1,
    "id_externo": ""
  }
},
{
  "model": "sistema.localidad",
  "pk": 8,
  "fields": {
    "nombre": "Areco",
    "provincia": 1,
    "id_externo": ""
  }
},
{
  "model": "sistema.localidad",
  "pk": 9,
  "fields": {
    "nombre": "Avellaneda",
    "provincia": 1,
    "id_externo": ""
  }
},
{
  "model": "sistema.localidad",
  "pk": 10,
  "fields": {
    "nombre": "Banfield",
    "provincia": 1,
    "id_externo": ""
  }
},
{
  "model": "sistema.localidad",
  "pk": 11,
  "fields": {
    "nombre": "Berazategui",
    "provincia": 1,
    "id_externo": ""
  }
},
{
  "model": "sistema.localidad",
  "pk": 12,
  "fields": {
    "nombre": "Bernal",
    "provincia": 1,
    "id_externo": ""
  }
},
{
  "model": "sistema.localidad",
  "pk": 13,
  "fields": {
    "nombre": "Cardales",
    "provincia": 1,
    "id_externo": ""
  }
},
{
  "model": "sistema.localidad",
  "pk": 14,
  "fields": {
    "nombre": "Caseros",
    "provincia": 1,
    "id_externo": ""
  }
},
{
  "model": "sistema.localidad",
  "pk": 15,
  "fields": {
    "nombre": "Castelar",
    "provincia": 1,
    "id_externo": ""
  }
},
{
  "model": "sistema.localidad",
  "pk": 16,
  "fields": {
    "nombre": "Chascomus",
    "provincia": 1,
    "id_externo": ""
  }
},
{
  "model": "sistema.localidad",
  "pk": 17,
  "fields": {
    "nombre": "Don Silvano",
    "provincia": 1,
    "id_externo": ""
  }
},
{
  "model": "sistema.localidad",
  "pk": 18,
  "fields": {
    "nombre": "Campana",
    "provincia": 1,
    "id_externo": ""
  }
},
{
  "model": "sistema.localidad",
  "pk": 19,
  "fields": {
    "nombre": "Ezeiza",
    "provincia": 1,
    "id_externo": ""
  }
},
{
  "model": "sistema.localidad",
  "pk": 20,
  "fields": {
    "nombre": "Guerrero",
    "provincia": 1,
    "id_externo": ""
  }
},
{
  "model": "sistema.localidad",
  "pk": 21,
  "fields": {
    "nombre": "Haedo",
    "provincia": 1,
    "id_externo": ""
  }
},
{
  "model": "sistema.localidad",
  "pk": 22,
  "fields": {
    "nombre": "Hudson",
    "provincia": 1,
    "id_externo": ""
  }
},
{
  "model": "sistema.localidad",
  "pk": 23,
  "fields": {
    "nombre": "Hurlingham",
    "provincia": 1,
    "id_externo": ""
  }
},
{
  "model": "sistema.localidad",
  "pk": 24,
  "fields": {
    "nombre": "Ituzaingo",
    "provincia": 1,
    "id_externo": ""
  }
},
{
  "model": "sistema.localidad",
  "pk": 25,
  "fields": {
    "nombre": "Jose L Suarez",
    "provincia": 1,
    "id_externo": ""
  }
},
{
  "model": "sistema.localidad",
  "pk": 26,
  "fields": {
    "nombre": "Kraft",
    "provincia": 1,
    "id_externo": ""
  }
},
{
  "model": "sistema.localidad",
  "pk": 27,
  "fields": {
    "nombre": "La Candelaria",
    "provincia": 1,
    "id_externo": ""
  }
},
{
  "model": "sistema.localidad",
  "pk": 28,
  "fields": {
    "nombre": "La Figura",
    "provincia": 1,
    "id_externo": ""
  }
},
{
  "model": "sistema.localidad",
  "pk": 29,
  "fields": {
    "nombre": "La Plata",
    "provincia": 1,
    "id_externo": ""
  }
},
{
  "model": "sistema.localidad",
  "pk": 30,
  "fields": {
    "nombre": "Lanus",
    "provincia": 1,
    "id_externo": ""
  }
},
{
  "model": "sistema.localidad",
  "pk": 31,
  "fields": {
    "nombre": "Lomas De Zamora",
    "provincia": 1,
    "id_externo": ""
  }
},
{
  "model": "sistema.localidad",
  "pk": 32,
  "fields": {
    "nombre": "Lujan",
    "provincia": 1,
    "id_externo": ""
  }
},
{
  "model": "sistema.localidad",
  "pk": 33,
  "fields": {
    "nombre": "Mar Del Plata",
    "provincia": 1,
    "id_externo": ""
  }
},
{
  "model": "sistema.localidad",
  "pk": 34,
  "fields": {
    "nombre": "Martinez",
    "provincia": 1,
    "id_externo": ""
  }
},
{
  "model": "sistema.localidad",
  "pk": 35,
  "fields": {
    "nombre": "Massalin",
    "provincia": 1,
    "id_externo": ""
  }
},
{
  "model": "sistema.localidad",
  "pk": 36,
  "fields": {
    "nombre": "Maximo Paz",
    "provincia": 1,
    "id_externo": ""
  }
},
{
  "model": "sistema.localidad",
  "pk": 37,
  "fields": {
    "nombre": "Merlo",
    "provincia": 1,
    "id_externo": ""
  }
},
{
  "model": "sistema.localidad",
  "pk": 38,
  "fields": {
    "nombre": "Montegrande",
    "provincia": 1,
    "id_externo": ""
  }
},
{
  "model": "sistema.localidad",
  "pk": 39,
  "fields": {
    "nombre": "Moreno",
    "provincia": 1,
    "id_externo": ""
  }
},
{
  "model": "sistema.localidad",
  "pk": 40,
  "fields": {
    "nombre": "Moron",
    "provincia": 1,
    "id_externo": ""
  }
},
{
  "model": "sistema.localidad",
  "pk": 41,
  "fields": {
    "nombre": "Munro",
    "provincia": 1,
    "id_externo": ""
  }
},
{
  "model": "sistema.localidad",
  "pk": 42,
  "fields": {
    "nombre": "Nordelta",
    "provincia": 1,
    "id_externo": ""
  }
},
{
  "model": "sistema.localidad",
  "pk": 43,
  "fields": {
    "nombre": "Olivos",
    "provincia": 1,
    "id_externo": ""
  }
},
{
  "model": "sistema.localidad",
  "pk": 44,
  "fields": {
    "nombre": "Palomar",
    "provincia": 1,
    "id_externo": ""
  }
},
{
  "model": "sistema.localidad",
  "pk": 45,
  "fields": {
    "nombre": "Peugeot",
    "provincia": 1,
    "id_externo": ""
  }
},
{
  "model": "sistema.localidad",
  "pk": 46,
  "fields": {
    "nombre": "Pilar",
    "provincia": 1,
    "id_externo": ""
  }
},
{
  "model": "sistema.localidad",
  "pk": 47,
  "fields": {
    "nombre": "Quilmes",
    "provincia": 1,
    "id_externo": ""
  }
},
{
  "model": "sistema.localidad",
  "pk": 48,
  "fields": {
    "nombre": "R De Escalada",
    "provincia": 1,
    "id_externo": ""
  }
},
{
  "model": "sistema.localidad",
  "pk": 49,
  "fields": {
    "nombre": "Ramos Mejia",
    "provincia": 1,
    "id_externo": ""
  }
},
{
  "model": "sistema.localidad",
  "pk": 50,
  "fields": {
    "nombre": "San Ceferino",
    "provincia": 1,
    "id_externo": ""
  }
},
{
  "model": "sistema.localidad",
  "pk": 51,
  "fields": {
    "nombre": "San Fernando",
    "provincia": 1,
    "id_externo": ""
  }
},
{
  "model": "sistema.localidad",
  "pk": 52,
  "fields": {
    "nombre": "San Isidro",
    "provincia": 1,
    "id_externo": ""
  }
},
{
  "model": "sistema.localidad",
  "pk": 53,
  "fields": {
    "nombre": "San Justo",
    "provincia": 1,
    "id_externo": ""
  }
},
{
  "model": "sistema.localidad",
  "pk": 54,
  "fields": {
    "nombre": "San Martin",
    "provincia": 1,
    "id_externo": ""
  }
},
{
  "model": "sistema.localidad",
  "pk": 55,
  "fields": {
    "nombre": "San Miguel",
    "provincia": 1,
    "id_externo": ""
  }
},
{
  "model": "sistema.localidad",
  "pk": 56,
  "fields": {
    "nombre": "Santa Susana",
    "provincia": 1,
    "id_externo": ""
  }
},
{
  "model": "sistema.localidad",
  "pk": 57,
  "fields": {
    "nombre": "Santos Lugares",
    "provincia": 1,
    "id_externo": ""
  }
},
{
  "model": "sistema.localidad",
  "pk": 58,
  "fields": {
    "nombre": "Siemens",
    "provincia": 1,
    "id_externo": ""
  }
},
{
  "model": "sistema.localidad",
  "pk": 59,
  "fields": {
    "nombre": "Temperley",
    "provincia": 1,
    "id_externo": ""
  }
},
{
  "model": "sistema.localidad",
  "pk": 60,
  "fields": {
    "nombre": "Tigre",
    "provincia": 1,
    "id_externo": ""
  }
},
{
  "model": "sistema.localidad",
  "pk": 61,
  "fields": {
    "nombre": "Tortuguitas",
    "provincia": 1,
    "id_externo": ""
  }
},
{
  "model": "sistema.localidad",
  "pk": 62,
  "fields": {
    "nombre": "Troncos Del Talar",
    "provincia": 1,
    "id_externo": ""
  }
},
{
  "model": "sistema.localidad",
  "pk": 63,
  "fields": {
    "nombre": "Vicente Lopez",
    "provincia": 1,
    "id_externo": ""
  }
},
{
  "model": "sistema.localidad",
  "pk": 64,
  "fields": {
    "nombre": "Villa Ballester",
    "provincia": 1,
    "id_externo": ""
  }
},
{
  "model": "sistema.localidad",
  "pk": 65,
  "fields": {
    "nombre": "Wilde",
    "provincia": 1,
    "id_externo": ""
  }
},
{
  "model": "sistema.localidad",
  "pk": 66,
  "fields": {
    "nombre": "Zarate",
    "provincia": 1,
    "id_externo": ""
  }
},
{
  "model": "sistema.estado",
  "pk": 1,
  "fields": {
    "estado": "Nuevo"
  }
},
{
  "model": "sistema.estado",
  "pk": 2,
  "fields": {
    "estado": "Pre-Asignado"
  }
},
{
  "model": "sistema.estado",
  "pk": 3,
  "fields": {
    "estado": "Asignado"
  }
},
{
  "model": "sistema.estado",
  "pk": 4,
  "fields": {
    "estado": "Confirmado"
  }
},
{
  "model": "sistema.estado",
  "pk": 5,
  "fields": {
    "estado": "En Progreso"
  }
},
{
  "model": "sistema.estado",
  "pk": 6,
  "fields": {
    "estado": "Finalizado"
  }
},
{
  "model": "sistema.estado",
  "pk": 7,
  "fields": {
    "estado": "Cerrado"
  }
},
{
  "model": "sistema.estadocivil",
  "pk": 1,
  "fields": {
    "estado_civil": "Soltero"
  }
},
{
  "model": "sistema.estadocivil",
  "pk": 2,
  "fields": {
    "estado_civil": "Casado"
  }
},
{
  "model": "sistema.estadocivil",
  "pk": 3,
  "fields": {
    "estado_civil": "Viudo"
  }
},
{
  "model": "sistema.estadocivil",
  "pk": 4,
  "fields": {
    "estado_civil": "Divorciado"
  }
},
{
  "model": "sistema.categoriaviaje",
  "pk": 1,
  "fields": {
    "codigo": "STD",
    "categoria": "Auto Std"
  }
},
{
  "model": "sistema.categoriaviaje",
  "pk": 2,
  "fields": {
    "codigo": "VIP",
    "categoria": "Auto VIP"
  }
},
{
  "model": "sistema.categoriaviaje",
  "pk": 3,
  "fields": {
    "codigo": "UTI",
    "categoria": "Utilitario"
  }
},
{
  "model": "sistema.categoriaviaje",
  "pk": 4,
  "fields": {
    "codigo": "EJEC",
    "categoria": "Ejecutivo"
  }
},
{
  "model": "sistema.categoriaviaje",
  "pk": 5,
  "fields": {
    "codigo": "VAN - C",
    "categoria": "VAN Corta"
  }
},
{
  "model": "sistema.categoriaviaje",
  "pk": 6,
  "fields": {
    "codigo": "VAN - L",
    "categoria": "VAN Larga"
  }
},
{
  "model": "sistema.categoriaviaje",
  "pk": 7,
  "fields": {
    "codigo": "MINI",
    "categoria": "Mini Bus"
  }
},
{
  "model": "sistema.categoriaviaje",
  "pk": 8,
  "fields": {
    "codigo": "BUS",
    "categoria": "Bus"
  }
},
{
  "model": "sistema.tipopersona",
  "pk": 1,
  "fields": {
    "tipo_persona": "Contacto"
  }
},
{
  "model": "sistema.tipopersona",
  "pk": 2,
  "fields": {
    "tipo_persona": "Pasajero"
  }
},
{
  "model": "sistema.tipopersona",
  "pk": 3,
  "fields": {
    "tipo_persona": "Chofer"
  }
},
{
  "model": "sistema.tipopersona",
  "pk": 4,
  "fields": {
    "tipo_persona": "Due\u00f1o"
  }
},
{
  "model": "sistema.tipolicencia",
  "pk": 1,
  "fields": {
    "tipo_licencia": "Conducir"
  }
},
{
  "model": "sistema.tipolicencia",
  "pk": 2,
  "fields": {
    "tipo_licencia": "Seguro"
  }
},
{
  "model": "sistema.tipolicencia",
  "pk": 3,
  "fields": {
    "tipo_licencia": "Ciruculacion"
  }
},
{
  "model": "sistema.tipolicencia",
  "pk": 4,
  "fields": {
    "tipo_licencia": "Otra"
  }
},
{
  "model": "sistema.tipotelefono",
  "pk": 1,
  "fields": {
    "tipo_telefono": "Principal"
  }
},
{
  "model": "sistema.tipotelefono",
  "pk": 2,
  "fields": {
    "tipo_telefono": "Celular"
  }
},
{
  "model": "sistema.tipotelefono",
  "pk": 3,
  "fields": {
    "tipo_telefono": "Trabajo"
  }
},
{
  "model": "sistema.telefono",
  "pk": 1,
  "fields": {
    "tipo_telefono": 1,
    "numero": "51324131"
  }
},
{
  "model": "sistema.telefono",
  "pk": 2,
  "fields": {
    "tipo_telefono": 1,
    "numero": "1"
  }
},
{
  "model": "sistema.licencia",
  "pk": 1,
  "fields": {
    "comentario": null,
    "tipo_licencia": 1,
    "fecha_vencimiento": "11042016"
  }
},
{
  "model": "sistema.licencia",
  "pk": 2,
  "fields": {
    "comentario": "se vence",
    "tipo_licencia": 1,
    "fecha_vencimiento": "20182807"
  }
},
{
  "model": "sistema.licencia",
  "pk": 3,
  "fields": {
    "comentario": "seguridad",
    "tipo_licencia": 2,
    "fecha_vencimiento": "20183006"
  }
},
{
  "model": "sistema.licencia",
  "pk": 4,
  "fields": {
    "comentario": "",
    "tipo_licencia": 3,
    "fecha_vencimiento": ""
  }
},
{
  "model": "sistema.licencia",
  "pk": 5,
  "fields": {
    "comentario": "test",
    "tipo_licencia": 1,
    "fecha_vencimiento": "11042016"
  }
},
{
  "model": "sistema.persona",
  "pk": 1,
  "fields": {
    "nombre": "Contacto (nuevocliente)",
    "apellido": "CARLOS",
    "fecha_nacimiento": null,
    "documento": null,
    "tipo_persona": 1,
    "porcentaje_viaje": null,
    "estado_civil": null,
    "calle": null,
    "altura": null,
    "piso": null,
    "localidad": null,
    "cp": null,
    "mail": null,
    "contacto_cliente": null,
    "puesto": null,
    "iva": null,
    "condicion_pago": null,
    "cbu": null,
    "alias": null,
    "dias_fechas_facturas": null,
    "baja": false
  }
},
{
  "model": "sistema.persona",
  "pk": 2,
  "fields": {
    "nombre": "owner guido conduce",
    "apellido": "tony",
    "fecha_nacimiento": null,
    "documento": null,
    "tipo_persona": 4,
    "porcentaje_viaje": "80",
    "estado_civil": null,
    "calle": null,
    "altura": null,
    "piso": null,
    "localidad": null,
    "cp": null,
    "mail": null,
    "contacto_cliente": null,
    "puesto": null,
    "iva": null,
    "condicion_pago": null,
    "cbu": null,
    "alias": null,
    "dias_fechas_facturas": null,
    "baja": false
  }
},
{
  "model": "sistema.persona",
  "pk": 3,
  "fields": {
    "nombre": "Contacto 2 (otro cliente)",
    "apellido": "numero",
    "fecha_nacimiento": null,
    "documento": null,
    "tipo_persona": 1,
    "porcentaje_viaje": null,
    "estado_civil": 1,
    "calle": null,
    "altura": null,
    "piso": null,
    "localidad": null,
    "cp": null,
    "mail": null,
    "contacto_cliente": null,
    "puesto": null,
    "iva": null,
    "condicion_pago": null,
    "cbu": null,
    "alias": null,
    "dias_fechas_facturas": null,
    "baja": false
  }
},
{
  "model": "sistema.persona",
  "pk": 4,
  "fields": {
    "nombre": "due\u00f1o pirulo",
    "apellido": "pirulo",
    "fecha_nacimiento": null,
    "documento": null,
    "tipo_persona": 4,
    "porcentaje_viaje": null,
    "estado_civil": null,
    "calle": null,
    "altura": null,
    "piso": null,
    "localidad": null,
    "cp": null,
    "mail": null,
    "contacto_cliente": null,
    "puesto": null,
    "iva": null,
    "condicion_pago": null,
    "cbu": null,
    "alias": null,
    "dias_fechas_facturas": null,
    "baja": false
  }
},
{
  "model": "sistema.persona",
  "pk": 5,
  "fields": {
    "nombre": "Contact (viajes ya)",
    "apellido": "Perez",
    "fecha_nacimiento": null,
    "documento": null,
    "tipo_persona": 1,
    "porcentaje_viaje": null,
    "estado_civil": 3,
    "calle": null,
    "altura": null,
    "piso": null,
    "localidad": null,
    "cp": null,
    "mail": null,
    "contacto_cliente": null,
    "puesto": "CEO",
    "iva": null,
    "condicion_pago": null,
    "cbu": null,
    "alias": null,
    "dias_fechas_facturas": null,
    "baja": false
  }
},
{
  "model": "sistema.persona",
  "pk": 6,
  "fields": {
    "nombre": "PEPE Due\u00f1o",
    "apellido": "argento",
    "fecha_nacimiento": null,
    "documento": null,
    "tipo_persona": 4,
    "porcentaje_viaje": "100",
    "estado_civil": 2,
    "calle": null,
    "altura": null,
    "piso": null,
    "localidad": null,
    "cp": null,
    "mail": null,
    "contacto_cliente": null,
    "puesto": null,
    "iva": null,
    "condicion_pago": null,
    "cbu": null,
    "alias": null,
    "dias_fechas_facturas": "1",
    "baja": false
  }
},
{
  "model": "sistema.persona",
  "pk": 7,
  "fields": {
    "nombre": "Chofer Guido",
    "apellido": "conduce",
    "fecha_nacimiento": "11042018",
    "documento": "31322133",
    "tipo_persona": 3,
    "porcentaje_viaje": "80",
    "estado_civil": 2,
    "calle": "nueva",
    "altura": "123",
    "piso": "5",
    "localidad": "CABA",
    "cp": "1407",
    "mail": "guido.mail@gmial.com",
    "contacto_cliente": null,
    "puesto": "CEO",
    "iva": null,
    "condicion_pago": null,
    "cbu": null,
    "alias": null,
    "dias_fechas_facturas": null,
    "baja": false
  }
},
{
  "model": "sistema.persona",
  "pk": 8,
  "fields": {
    "nombre": "Pasajero (nuevo cliente)",
    "apellido": "roque",
    "fecha_nacimiento": null,
    "documento": null,
    "tipo_persona": 2,
    "porcentaje_viaje": null,
    "estado_civil": 1,
    "calle": null,
    "altura": null,
    "piso": null,
    "localidad": null,
    "cp": null,
    "mail": null,
    "contacto_cliente": null,
    "puesto": null,
    "iva": null,
    "condicion_pago": null,
    "cbu": null,
    "alias": null,
    "dias_fechas_facturas": null,
    "baja": false
  }
},
{
  "model": "sistema.persona",
  "pk": 9,
  "fields": {
    "nombre": "Pasajer (viajes ya)",
    "apellido": "messi",
    "fecha_nacimiento": null,
    "documento": null,
    "tipo_persona": 2,
    "porcentaje_viaje": null,
    "estado_civil": 1,
    "calle": null,
    "altura": null,
    "piso": null,
    "localidad": null,
    "cp": null,
    "mail": null,
    "contacto_cliente": null,
    "puesto": null,
    "iva": null,
    "condicion_pago": null,
    "cbu": null,
    "alias": null,
    "dias_fechas_facturas": null,
    "baja": false
  }
},
{
  "model": "sistema.persona",
  "pk": 10,
  "fields": {
    "nombre": "contact (otro cliente)",
    "apellido": "estevanez",
    "fecha_nacimiento": null,
    "documento": null,
    "tipo_persona": 1,
    "porcentaje_viaje": null,
    "estado_civil": 1,
    "calle": null,
    "altura": null,
    "piso": null,
    "localidad": null,
    "cp": null,
    "mail": null,
    "contacto_cliente": null,
    "puesto": null,
    "iva": null,
    "condicion_pago": null,
    "cbu": null,
    "alias": null,
    "dias_fechas_facturas": null,
    "baja": false
  }
},
{
  "model": "sistema.persona",
  "pk": 11,
  "fields": {
    "nombre": "Pasajero (otro cliente)",
    "apellido": "passanger",
    "fecha_nacimiento": null,
    "documento": null,
    "tipo_persona": 2,
    "porcentaje_viaje": null,
    "estado_civil": 4,
    "calle": null,
    "altura": null,
    "piso": null,
    "localidad": null,
    "cp": null,
    "mail": null,
    "contacto_cliente": null,
    "puesto": null,
    "iva": null,
    "condicion_pago": null,
    "cbu": null,
    "alias": null,
    "dias_fechas_facturas": null,
    "baja": false
  }
},
{
  "model": "sistema.persona",
  "pk": 12,
  "fields": {
    "nombre": "pasajero 2 (otro cliente)",
    "apellido": "quique",
    "fecha_nacimiento": null,
    "documento": null,
    "tipo_persona": 2,
    "porcentaje_viaje": null,
    "estado_civil": 1,
    "calle": null,
    "altura": null,
    "piso": null,
    "localidad": null,
    "cp": null,
    "mail": null,
    "contacto_cliente": null,
    "puesto": null,
    "iva": null,
    "condicion_pago": null,
    "cbu": null,
    "alias": null,
    "dias_fechas_facturas": null,
    "baja": false
  }
},
{
  "model": "sistema.vehiculo",
  "pk": 1,
  "fields": {
    "marca": "ford",
    "modelo": "escort",
    "ano": "1233",
    "color": "rojito",
    "puertas": null,
    "patente": "aa1234fd",
    "nro_motor": "ford escort",
    "nro_chasis": null,
    "licencia": 1,
    "dueno": 4
  }
},
{
  "model": "sistema.vehiculo",
  "pk": 2,
  "fields": {
    "marca": "Ford",
    "modelo": "KA",
    "ano": "2016",
    "color": "1",
    "puertas": "2",
    "patente": "OAO676",
    "nro_motor": "OAO676",
    "nro_chasis": "4",
    "licencia": 1,
    "dueno": 4
  }
},
{
  "model": "sistema.vehiculo",
  "pk": 3,
  "fields": {
    "marca": "ford",
    "modelo": "123",
    "ano": "1233",
    "color": null,
    "puertas": null,
    "patente": "OAO676",
    "nro_motor": "Bus",
    "nro_chasis": null,
    "licencia": null,
    "dueno": null
  }
},
{
  "model": "sistema.unidad",
  "pk": 1,
  "fields": {
    "identificacion": "Gordo Oscar",
    "chofer": 2,
    "owner": 4,
    "vehiculo": 1,
    "porcentaje_chofer": "80",
    "porcentaje_owner": "20",
    "baja": false
  }
},
{
  "model": "sistema.unidad",
  "pk": 2,
  "fields": {
    "identificacion": "Due\u00f1o Solo",
    "chofer": null,
    "owner": 6,
    "vehiculo": null,
    "porcentaje_chofer": null,
    "porcentaje_owner": "100",
    "baja": false
  }
},
{
  "model": "sistema.unidad",
  "pk": 3,
  "fields": {
    "identificacion": "Guido Conduce",
    "chofer": 7,
    "owner": 2,
    "vehiculo": 3,
    "porcentaje_chofer": "80",
    "porcentaje_owner": "20",
    "baja": false
  }
},
{
  "model": "sistema.tarifario",
  "pk": 1,
  "fields": {
    "nombre": "Normal"
  }
},
{
  "model": "sistema.tarifario",
  "pk": 2,
  "fields": {
    "nombre": "Tarifa +15%"
  }
},
{
  "model": "sistema.cliente",
  "pk": 1,
  "fields": {
    "razon_social": "Otro Cliente",
    "calle": "libertadores",
    "altura": "1234",
    "piso": null,
    "depto": null,
    "cp": null,
    "cuil": null,
    "tarifario": 2,
    "localidad": 1,
    "provincia": 1,
    "iva": null,
    "condicion_pago": null,
    "cbu": null,
    "alias": null,
    "dias_fechas_facturas": "11",
    "baja": true
  }
},
{
  "model": "sistema.cliente",
  "pk": 2,
  "fields": {
    "razon_social": "ViajesYa",
    "calle": "calle falsa",
    "altura": "1234",
    "piso": "1",
    "depto": "4",
    "cp": "1407",
    "cuil": "12341423",
    "tarifario": 2,
    "localidad": 7,
    "provincia": 1,
    "iva": "21%",
    "condicion_pago": "cuando puede",
    "cbu": null,
    "alias": null,
    "dias_fechas_facturas": "15",
    "baja": false
  }
},
{
  "model": "sistema.cliente",
  "pk": 3,
  "fields": {
    "razon_social": "NuevoCliente",
    "calle": "habana y segurola",
    "altura": "4100",
    "piso": "7",
    "depto": "E",
    "cp": "123",
    "cuil": "12313123",
    "tarifario": 1,
    "localidad": 9,
    "provincia": 1,
    "iva": "21",
    "condicion_pago": null,
    "cbu": null,
    "alias": null,
    "dias_fechas_facturas": "11",
    "baja": false
  }
},
{
  "model": "sistema.centrocosto",
  "pk": 1,
  "fields": {
    "nombre": "CC otro cliente",
    "fecha_inicio": null,
    "fecha_fin": null,
    "descripcion": "",
    "cliente": 1,
    "tarifario": 1
  }
},
{
  "model": "sistema.centrocosto",
  "pk": 2,
  "fields": {
    "nombre": "CC viajesya",
    "fecha_inicio": null,
    "fecha_fin": null,
    "descripcion": "",
    "cliente": 2,
    "tarifario": 2
  }
},
{
  "model": "sistema.centrocosto",
  "pk": 3,
  "fields": {
    "nombre": "CC nuevo cliente",
    "fecha_inicio": null,
    "fecha_fin": null,
    "descripcion": "",
    "cliente": 3,
    "tarifario": 1
  }
},
{
  "model": "sistema.tipotrayectodestino",
  "pk": 1,
  "fields": {
    "nombre": "TipoTrayecto"
  }
},
{
  "model": "sistema.trayectodestino",
  "pk": 1,
  "fields": {
    "nombre": "Ezeiza",
    "tipo_trayecto_destino": null
  }
},
{
  "model": "sistema.trayectodestino",
  "pk": 2,
  "fields": {
    "nombre": "AEP",
    "tipo_trayecto_destino": null
  }
},
{
  "model": "sistema.trayectodestino",
  "pk": 3,
  "fields": {
    "nombre": "Buquebus",
    "tipo_trayecto_destino": null
  }
},
{
  "model": "sistema.trayectodestino",
  "pk": 4,
  "fields": {
    "nombre": "Retiro",
    "tipo_trayecto_destino": null
  }
},
{
  "model": "sistema.trayectodestino",
  "pk": 5,
  "fields": {
    "nombre": "Interior",
    "tipo_trayecto_destino": null
  }
},
{
  "model": "sistema.trayectodestino",
  "pk": 6,
  "fields": {
    "nombre": "CABA",
    "tipo_trayecto_destino": null
  }
},
{
  "model": "sistema.trayectodestino",
  "pk": 7,
  "fields": {
    "nombre": "Buenos Aires",
    "tipo_trayecto_destino": null
  }
},
{
  "model": "sistema.personacliente",
  "pk": 1,
  "fields": {
    "persona": 10,
    "cliente": 1
  }
},
{
  "model": "sistema.personacliente",
  "pk": 2,
  "fields": {
    "persona": 3,
    "cliente": 1
  }
},
{
  "model": "sistema.personacliente",
  "pk": 3,
  "fields": {
    "persona": 8,
    "cliente": 3
  }
},
{
  "model": "sistema.personacliente",
  "pk": 4,
  "fields": {
    "persona": 1,
    "cliente": 3
  }
},
{
  "model": "sistema.personacliente",
  "pk": 5,
  "fields": {
    "persona": 5,
    "cliente": 2
  }
},
{
  "model": "sistema.personacliente",
  "pk": 6,
  "fields": {
    "persona": 9,
    "cliente": 2
  }
},
{
  "model": "sistema.personacliente",
  "pk": 7,
  "fields": {
    "persona": 11,
    "cliente": 1
  }
},
{
  "model": "sistema.personacliente",
  "pk": 8,
  "fields": {
    "persona": 12,
    "cliente": 1
  }
},
{
  "model": "sistema.tipoobservacion",
  "pk": 1,
  "fields": {
    "tipo_observacion": "Tipo"
  }
},
{
  "model": "sistema.observacion",
  "pk": 1,
  "fields": {
    "fecha": "201806241216",
    "texto": "Observacion traida desde initial.json",
    "tipo_observacion": 1,
    "usuario": 1
  }
},
{
  "model": "sistema.observacionunidad",
  "pk": 1,
  "fields": {
    "observacion": 1,
    "unidad": 2
  }
},
{
  "model": "sistema.telefonopersona",
  "pk": 1,
  "fields": {
    "telefono": 2,
    "persona": 7
  }
},
{
  "model": "sistema.telefonocliente",
  "pk": 1,
  "fields": {
    "telefono": 1,
    "cliente": 3
  }
},
{
  "model": "sistema.licenciapersona",
  "pk": 1,
  "fields": {
    "licencia": 2,
    "persona": 6
  }
},
{
  "model": "sistema.licenciapersona",
  "pk": 2,
  "fields": {
    "licencia": 3,
    "persona": 6
  }
},
{
  "model": "sistema.licenciapersona",
  "pk": 3,
  "fields": {
    "licencia": 5,
    "persona": 6
  }
}
]
