[

 {
        "model": "sistema.tipoobservacion",
        "pk": 1,
        "fields": {
            "tipo_observacion": "In",
            "detalle_tipo_obs":"Aterrizó"
        }
    },
{
        "model": "sistema.tipoobservacion",
        "pk": 2,
        "fields": {
            "tipo_observacion": "In",
            "detalle_tipo_obs":"Contactó"
        }
    },
{
        "model": "sistema.tipoobservacion",
        "pk": 3,
        "fields": {
            "tipo_observacion": "In",
            "detalle_tipo_obs":"Salió"
        }
    },
{
        "model": "sistema.tipoobservacion",
        "pk": 4,
        "fields": {
            "tipo_observacion": "Out",
            "detalle_tipo_obs":"Llegó"
        }
    },
{
        "model": "sistema.tipoobservacion",
        "pk": 5,
        "fields": {
            "tipo_observacion": "Out",
            "detalle_tipo_obs":"Contactó"
        }
    },
{
        "model": "sistema.tipoobservacion",
        "pk": 6,
        "fields": {
            "tipo_observacion": "Out",
            "detalle_tipo_obs":"Salió"
        }
    },
{
        "model": "sistema.tipoobservacion",
        "pk": 7,
        "fields": {
            "tipo_observacion": "Dispo",
            "detalle_tipo_obs":"Llegó"
        }
    },
{
        "model": "sistema.tipoobservacion",
        "pk": 8,
        "fields": {
            "tipo_observacion": "Dispo",
            "detalle_tipo_obs":"Inició"
        }
    },
{
        "model": "sistema.tipoobservacion",
        "pk": 9,
        "fields": {
            "tipo_observacion": "Dispo",
            "detalle_tipo_obs":"Terminó"
        }
    },
{
        "model": "sistema.tipoobservacion",
        "pk": 10,
        "fields": {
            "tipo_observacion": "Viaje Con Espera",
            "detalle_tipo_obs":"Llegó"
        }
    },
{
        "model": "sistema.tipoobservacion",
        "pk": 11,
        "fields": {
            "tipo_observacion": "Viaje Con Espera",
            "detalle_tipo_obs":"Salió"
        }
    },
{
        "model": "sistema.tipoobservacion",
        "pk": 12,
        "fields": {
            "tipo_observacion": "Viaje Con Espera",
            "detalle_tipo_obs":"Total Espera"
        }
    },
{
        "model": "sistema.tipoobservacion",
        "pk": 13,
        "fields": {
            "tipo_observacion": "Viaje No Tarifado",
            "detalle_tipo_obs":"Km Recorridos (Sólo Ida)"
        }
    },
{
        "model": "sistema.tipoobservacion",
        "pk": 14,
        "fields": {
            "tipo_observacion": "Viaje No Tarifado",
            "detalle_tipo_obs":"Tiempo De Espera"
        }
    },
{
        "model": "sistema.tipoobservacion",
        "pk": 15,
        "fields": {
            "tipo_observacion": "Viaje No Tarifado",
            "detalle_tipo_obs":"Peajes"
        }
    },
{
        "model": "sistema.tipoobservacion",
        "pk": 16,
        "fields": {
            "tipo_observacion": "Otro",
            "detalle_tipo_obs":"Otro"
        }
    },
{
        "model": "sistema.tipoobservacion",
        "pk": 17,
        "fields": {
            "tipo_observacion": "Chofer",
            "detalle_tipo_obs":"Chofer"
        }
    },
{
        "model": "sistema.tipoobservacion",
        "pk": 18,
        "fields": {
            "tipo_observacion": "Cancelado",
            "detalle_tipo_obs":"Cancelado"
        }
    },
  
  {
  "model": "sistema.provincia",
  "pk": 1,
  "fields": {
    "nombre": "Buenos Aires"
  }
},
{
  "model": "sistema.provincia",
  "pk": 2,
  "fields": {
    "nombre": "Catamarca"
  }
},
{
  "model": "sistema.provincia",
  "pk": 3,
  "fields": {
    "nombre": "Chaco"
  }
},
{
  "model": "sistema.provincia",
  "pk": 4,
  "fields": {
    "nombre": "Chubut"
  }
},
{
  "model": "sistema.provincia",
  "pk": 5,
  "fields": {
    "nombre": "C\u00f3rdoba"
  }
},
{
  "model": "sistema.provincia",
  "pk": 6,
  "fields": {
    "nombre": "Corrientes"
  }
},
{
  "model": "sistema.provincia",
  "pk": 7,
  "fields": {
    "nombre": "Entre R\u00edos"
  }
},
{
  "model": "sistema.provincia",
  "pk": 8,
  "fields": {
    "nombre": "Formosa"
  }
},
{
  "model": "sistema.provincia",
  "pk": 9,
  "fields": {
    "nombre": "Jujuy"
  }
},
{
  "model": "sistema.provincia",
  "pk": 10,
  "fields": {
    "nombre": "La Pampa"
  }
},
{
  "model": "sistema.provincia",
  "pk": 11,
  "fields": {
    "nombre": "La Rioja"
  }
},
{
  "model": "sistema.provincia",
  "pk": 12,
  "fields": {
    "nombre": "Mendoza"
  }
},
{
  "model": "sistema.provincia",
  "pk": 13,
  "fields": {
    "nombre": "Misiones"
  }
},
{
  "model": "sistema.provincia",
  "pk": 14,
  "fields": {
    "nombre": "Neuqu\u00e9n"
  }
},
{
  "model": "sistema.provincia",
  "pk": 15,
  "fields": {
    "nombre": "R\u00edo Negro"
  }
},
{
  "model": "sistema.provincia",
  "pk": 16,
  "fields": {
    "nombre": "Salta"
  }
},
{
  "model": "sistema.provincia",
  "pk": 17,
  "fields": {
    "nombre": "San Juan"
  }
},
{
  "model": "sistema.provincia",
  "pk": 18,
  "fields": {
    "nombre": "San Luis"
  }
},
{
  "model": "sistema.provincia",
  "pk": 19,
  "fields": {
    "nombre": "Santa Cruz"
  }
},
{
  "model": "sistema.provincia",
  "pk": 20,
  "fields": {
    "nombre": "Santa Fe"
  }
},
{
  "model": "sistema.provincia",
  "pk": 21,
  "fields": {
    "nombre": "Santiago del Estero"
  }
},
{
  "model": "sistema.provincia",
  "pk": 22,
  "fields": {
    "nombre": "Tierra del Fuego"
  }
},
{
  "model": "sistema.provincia",
  "pk": 23,
  "fields": {
    "nombre": "Tucum\u00e1n"
  }
},
{
  "model": "sistema.provincia",
  "pk": 24,
  "fields": {
    "nombre": "CABA"
  }
},

{
        "model": "sistema.Localidad",
        "pk": 1,
        "fields": {
            "nombre": "Zona A",
            "provincia_id":24
        }
    },
{
        "model": "sistema.Localidad",
        "pk": 2,
        "fields": {
            "nombre": "Zona B",
            "provincia_id":24
        }
    },
{
        "model": "sistema.Localidad",
        "pk": 3,
        "fields": {
            "nombre": "Zona C",
            "provincia_id":24
        }
    },
{
        "model": "sistema.Localidad",
        "pk": 4,
        "fields": {
            "nombre": "Zona D",
            "provincia_id":24
        }
    },
{
        "model": "sistema.Localidad",
        "pk": 5,
        "fields": {
            "nombre": "Tres Lomas",
            "provincia_id":1
        }
    },
{
        "model": "sistema.Localidad",
        "pk": 6,
        "fields": {
            "nombre": "Saavedra",
            "provincia_id":2
        }
    },
{
        "model": "sistema.Localidad",
        "pk": 7,
        "fields": {
            "nombre": "General Villegas",
            "provincia_id":1
        }
    },
{
        "model": "sistema.Localidad",
        "pk": 8,
        "fields": {
            "nombre": "Coronel Pringles",
            "provincia_id":1
        }
    },
{
        "model": "sistema.Localidad",
        "pk": 9,
        "fields": {
            "nombre": "Gral. Belgrano",
            "provincia_id":1
        }
    },
{
        "model": "sistema.Localidad",
        "pk": 10,
        "fields": {
            "nombre": "San Isidro",
            "provincia_id":1
        }
    },
{
        "model": "sistema.Localidad",
        "pk": 11,
        "fields": {
            "nombre": "Chascomus",
            "provincia_id":1
        }
    },
{
        "model": "sistema.Localidad",
        "pk": 12,
        "fields": {
            "nombre": "San Nicolas",
            "provincia_id":1
        }
    },
{
        "model": "sistema.Localidad",
        "pk": 13,
        "fields": {
            "nombre": "General Rodriguez",
            "provincia_id":1
        }
    },
{
        "model": "sistema.Localidad",
        "pk": 14,
        "fields": {
            "nombre": "Villarino",
            "provincia_id":1
        }
    },
{
        "model": "sistema.Localidad",
        "pk": 15,
        "fields": {
            "nombre": "Tres Arroyos",
            "provincia_id":1
        }
    },
{
        "model": "sistema.Localidad",
        "pk": 16,
        "fields": {
            "nombre": "San Pedro",
            "provincia_id":1
        }
    },
{
        "model": "sistema.Localidad",
        "pk": 17,
        "fields": {
            "nombre": "Loberia",
            "provincia_id":1
        }
    },
{
        "model": "sistema.Localidad",
        "pk": 18,
        "fields": {
            "nombre": "Pergamino",
            "provincia_id":1
        }
    },
{
        "model": "sistema.Localidad",
        "pk": 19,
        "fields": {
            "nombre": "Mercedes",
            "provincia_id":1
        }
    },
{
        "model": "sistema.Localidad",
        "pk": 20,
        "fields": {
            "nombre": "Rojas",
            "provincia_id":1
        }
    },
{
        "model": "sistema.Localidad",
        "pk": 21,
        "fields": {
            "nombre": "Tornquist",
            "provincia_id":1
        }
    },
{
        "model": "sistema.Localidad",
        "pk": 22,
        "fields": {
            "nombre": "Avellaneda",
            "provincia_id":1
        }
    },
{
        "model": "sistema.Localidad",
        "pk": 23,
        "fields": {
            "nombre": "Tandil",
            "provincia_id":1
        }
    },
{
        "model": "sistema.Localidad",
        "pk": 24,
        "fields": {
            "nombre": "Lanus",
            "provincia_id":1
        }
    },
{
        "model": "sistema.Localidad",
        "pk": 25,
        "fields": {
            "nombre": "Esteban Echeverria",
            "provincia_id":1
        }
    },
{
        "model": "sistema.Localidad",
        "pk": 26,
        "fields": {
            "nombre": "Olavarria",
            "provincia_id":1
        }
    },
{
        "model": "sistema.Localidad",
        "pk": 27,
        "fields": {
            "nombre": "General San Martin",
            "provincia_id":1
        }
    },
{
        "model": "sistema.Localidad",
        "pk": 28,
        "fields": {
            "nombre": "Lomas de Zamora",
            "provincia_id":1
        }
    },
{
        "model": "sistema.Localidad",
        "pk": 29,
        "fields": {
            "nombre": "Tres de Febrero",
            "provincia_id":1
        }
    },
{
        "model": "sistema.Localidad",
        "pk": 30,
        "fields": {
            "nombre": "Marcos Paz",
            "provincia_id":1
        }
    },
{
        "model": "sistema.Localidad",
        "pk": 31,
        "fields": {
            "nombre": "La Matanza",
            "provincia_id":1
        }
    },
{
        "model": "sistema.Localidad",
        "pk": 32,
        "fields": {
            "nombre": "Moreno",
            "provincia_id":1
        }
    },
{
        "model": "sistema.Localidad",
        "pk": 33,
        "fields": {
            "nombre": "Pilar",
            "provincia_id":1
        }
    },
{
        "model": "sistema.Localidad",
        "pk": 34,
        "fields": {
            "nombre": "Punta Indio",
            "provincia_id":1
        }
    },
{
        "model": "sistema.Localidad",
        "pk": 35,
        "fields": {
            "nombre": "Quilmes",
            "provincia_id":1
        }
    },
{
        "model": "sistema.Localidad",
        "pk": 36,
        "fields": {
            "nombre": "San Fernando",
            "provincia_id":1
        }
    },
{
        "model": "sistema.Localidad",
        "pk": 37,
        "fields": {
            "nombre": "San Vicente",
            "provincia_id":1
        }
    },
{
        "model": "sistema.Localidad",
        "pk": 38,
        "fields": {
            "nombre": "Moron",
            "provincia_id":1
        }
    },
{
        "model": "sistema.Localidad",
        "pk": 39,
        "fields": {
            "nombre": "Ezeiza",
            "provincia_id":1
        }
    },
{
        "model": "sistema.Localidad",
        "pk": 40,
        "fields": {
            "nombre": "Berazategui",
            "provincia_id":1
        }
    },
{
        "model": "sistema.Localidad",
        "pk": 41,
        "fields": {
            "nombre": "San Miguel",
            "provincia_id":1
        }
    },
{
        "model": "sistema.Localidad",
        "pk": 42,
        "fields": {
            "nombre": "Jose C. Paz",
            "provincia_id":1
        }
    },
{
        "model": "sistema.Localidad",
        "pk": 43,
        "fields": {
            "nombre": "Malvinas Argentinas",
            "provincia_id":1
        }
    },
{
        "model": "sistema.Localidad",
        "pk": 44,
        "fields": {
            "nombre": "Hurlingham",
            "provincia_id":1
        }
    },
{
        "model": "sistema.Localidad",
        "pk": 45,
        "fields": {
            "nombre": "Ituzaingo",
            "provincia_id":1
        }
    },
{
        "model": "sistema.Localidad",
        "pk": 46,
        "fields": {
            "nombre": "Azul",
            "provincia_id":1
        }
    },
{
        "model": "sistema.Localidad",
        "pk": 47,
        "fields": {
            "nombre": "Bahia Blanca",
            "provincia_id":1
        }
    },
{
        "model": "sistema.Localidad",
        "pk": 48,
        "fields": {
            "nombre": "Balcarce",
            "provincia_id":1
        }
    },
{
        "model": "sistema.Localidad",
        "pk": 49,
        "fields": {
            "nombre": "Escobar",
            "provincia_id":1
        }
    },
{
        "model": "sistema.Localidad",
        "pk": 50,
        "fields": {
            "nombre": "Necochea",
            "provincia_id":1
        }
    },
{
        "model": "sistema.Localidad",
        "pk": 51,
        "fields": {
            "nombre": "Carmen de Areco",
            "provincia_id":1
        }
    },
{
        "model": "sistema.Localidad",
        "pk": 52,
        "fields": {
            "nombre": "Carlos Casares",
            "provincia_id":1
        }
    },
{
        "model": "sistema.Localidad",
        "pk": 53,
        "fields": {
            "nombre": "General Alvarado",
            "provincia_id":1
        }
    },
{
        "model": "sistema.Localidad",
        "pk": 54,
        "fields": {
            "nombre": "Villa Gesell",
            "provincia_id":1
        }
    },
{
        "model": "sistema.Localidad",
        "pk": 55,
        "fields": {
            "nombre": "Monte Hermoso",
            "provincia_id":1
        }
    },
{
        "model": "sistema.Localidad",
        "pk": 56,
        "fields": {
            "nombre": "Saladillo",
            "provincia_id":1
        }
    },
{
        "model": "sistema.Localidad",
        "pk": 57,
        "fields": {
            "nombre": "Vicente Lopez",
            "provincia_id":1
        }
    },
{
        "model": "sistema.Localidad",
        "pk": 58,
        "fields": {
            "nombre": "Tigre",
            "provincia_id":1
        }
    },
{
        "model": "sistema.Localidad",
        "pk": 59,
        "fields": {
            "nombre": "Chivilcoy",
            "provincia_id":1
        }
    },
{
        "model": "sistema.Localidad",
        "pk": 60,
        "fields": {
            "nombre": "Monte",
            "provincia_id":1
        }
    },
{
        "model": "sistema.Localidad",
        "pk": 61,
        "fields": {
            "nombre": "Ayacucho",
            "provincia_id":1
        }
    },
{
        "model": "sistema.Localidad",
        "pk": 62,
        "fields": {
            "nombre": "Ramallo",
            "provincia_id":1
        }
    },
{
        "model": "sistema.Localidad",
        "pk": 63,
        "fields": {
            "nombre": "Presidente Peron",
            "provincia_id":1
        }
    },
{
        "model": "sistema.Localidad",
        "pk": 64,
        "fields": {
            "nombre": "Coronel Dorrego",
            "provincia_id":1
        }
    },
{
        "model": "sistema.Localidad",
        "pk": 65,
        "fields": {
            "nombre": "Berisso",
            "provincia_id":1
        }
    },
{
        "model": "sistema.Localidad",
        "pk": 66,
        "fields": {
            "nombre": "General Paz",
            "provincia_id":1
        }
    },
{
        "model": "sistema.Localidad",
        "pk": 67,
        "fields": {
            "nombre": "Leandro N. Alem",
            "provincia_id":1
        }
    },
{
        "model": "sistema.Localidad",
        "pk": 68,
        "fields": {
            "nombre": "Veinticinco de Mayo",
            "provincia_id":1
        }
    },
{
        "model": "sistema.Localidad",
        "pk": 69,
        "fields": {
            "nombre": "Pila",
            "provincia_id":1
        }
    },
{
        "model": "sistema.Localidad",
        "pk": 70,
        "fields": {
            "nombre": "San Cayetano",
            "provincia_id":1
        }
    },
{
        "model": "sistema.Localidad",
        "pk": 71,
        "fields": {
            "nombre": "Capitan Sarmiento",
            "provincia_id":1
        }
    },
{
        "model": "sistema.Localidad",
        "pk": 72,
        "fields": {
            "nombre": "Laprida",
            "provincia_id":1
        }
    },
{
        "model": "sistema.Localidad",
        "pk": 73,
        "fields": {
            "nombre": "Mar Chiquita",
            "provincia_id":1
        }
    },
{
        "model": "sistema.Localidad",
        "pk": 74,
        "fields": {
            "nombre": "Almirante Brown",
            "provincia_id":1
        }
    },
{
        "model": "sistema.Localidad",
        "pk": 75,
        "fields": {
            "nombre": "Maipu",
            "provincia_id":1
        }
    },
{
        "model": "sistema.Localidad",
        "pk": 76,
        "fields": {
            "nombre": "General Pinto",
            "provincia_id":1
        }
    },
{
        "model": "sistema.Localidad",
        "pk": 77,
        "fields": {
            "nombre": "Salliquelo",
            "provincia_id":1
        }
    },
{
        "model": "sistema.Localidad",
        "pk": 78,
        "fields": {
            "nombre": "Roque Perez",
            "provincia_id":1
        }
    },
{
        "model": "sistema.Localidad",
        "pk": 79,
        "fields": {
            "nombre": "Rivadavia",
            "provincia_id":1
        }
    },
{
        "model": "sistema.Localidad",
        "pk": 80,
        "fields": {
            "nombre": "Tordillo",
            "provincia_id":1
        }
    },
{
        "model": "sistema.Localidad",
        "pk": 81,
        "fields": {
            "nombre": "General Viamonte",
            "provincia_id":1
        }
    },
{
        "model": "sistema.Localidad",
        "pk": 82,
        "fields": {
            "nombre": "Guamini",
            "provincia_id":1
        }
    },
{
        "model": "sistema.Localidad",
        "pk": 83,
        "fields": {
            "nombre": "Salto",
            "provincia_id":1
        }
    },
{
        "model": "sistema.Localidad",
        "pk": 84,
        "fields": {
            "nombre": "Chacabuco",
            "provincia_id":1
        }
    },
{
        "model": "sistema.Localidad",
        "pk": 85,
        "fields": {
            "nombre": "General Arenales",
            "provincia_id":1
        }
    },
{
        "model": "sistema.Localidad",
        "pk": 86,
        "fields": {
            "nombre": "San Antonio de Areco",
            "provincia_id":1
        }
    },
{
        "model": "sistema.Localidad",
        "pk": 87,
        "fields": {
            "nombre": "General La Madrid",
            "provincia_id":1
        }
    },
{
        "model": "sistema.Localidad",
        "pk": 88,
        "fields": {
            "nombre": "Suipacha",
            "provincia_id":1
        }
    },
{
        "model": "sistema.Localidad",
        "pk": 89,
        "fields": {
            "nombre": "Castelli",
            "provincia_id":1
        }
    },
{
        "model": "sistema.Localidad",
        "pk": 90,
        "fields": {
            "nombre": "Pinamar",
            "provincia_id":1
        }
    },
{
        "model": "sistema.Localidad",
        "pk": 91,
        "fields": {
            "nombre": "Patagones",
            "provincia_id":1
        }
    },
{
        "model": "sistema.Localidad",
        "pk": 92,
        "fields": {
            "nombre": "San Andres de Giles",
            "provincia_id":1
        }
    },
{
        "model": "sistema.Localidad",
        "pk": 93,
        "fields": {
            "nombre": "General Guido",
            "provincia_id":1
        }
    },
{
        "model": "sistema.Localidad",
        "pk": 94,
        "fields": {
            "nombre": "General Alvear",
            "provincia_id":1
        }
    },
{
        "model": "sistema.Localidad",
        "pk": 95,
        "fields": {
            "nombre": "General Madariaga",
            "provincia_id":1
        }
    },
{
        "model": "sistema.Localidad",
        "pk": 96,
        "fields": {
            "nombre": "General Lavalle",
            "provincia_id":1
        }
    },
{
        "model": "sistema.Localidad",
        "pk": 97,
        "fields": {
            "nombre": "Benito Juarez",
            "provincia_id":1
        }
    },
{
        "model": "sistema.Localidad",
        "pk": 98,
        "fields": {
            "nombre": "Las Flores",
            "provincia_id":1
        }
    },
{
        "model": "sistema.Localidad",
        "pk": 99,
        "fields": {
            "nombre": "Navarro",
            "provincia_id":1
        }
    },
{
        "model": "sistema.Localidad",
        "pk": 100,
        "fields": {
            "nombre": "Rauch",
            "provincia_id":1
        }
    },
{
        "model": "sistema.Localidad",
        "pk": 101,
        "fields": {
            "nombre": "Tapalque",
            "provincia_id":1
        }
    },
{
        "model": "sistema.Localidad",
        "pk": 102,
        "fields": {
            "nombre": "Trenque Lauquen",
            "provincia_id":1
        }
    },
{
        "model": "sistema.Localidad",
        "pk": 103,
        "fields": {
            "nombre": "Baradero",
            "provincia_id":1
        }
    },
{
        "model": "sistema.Localidad",
        "pk": 104,
        "fields": {
            "nombre": "Magdalena",
            "provincia_id":1
        }
    },
{
        "model": "sistema.Localidad",
        "pk": 105,
        "fields": {
            "nombre": "Nueve de Julio",
            "provincia_id":1
        }
    },
{
        "model": "sistema.Localidad",
        "pk": 106,
        "fields": {
            "nombre": "Arrecifes",
            "provincia_id":1
        }
    },
{
        "model": "sistema.Localidad",
        "pk": 107,
        "fields": {
            "nombre": "Coronel Suarez",
            "provincia_id":1
        }
    },
{
        "model": "sistema.Localidad",
        "pk": 108,
        "fields": {
            "nombre": "Brandsen",
            "provincia_id":1
        }
    },
{
        "model": "sistema.Localidad",
        "pk": 109,
        "fields": {
            "nombre": "Daireaux",
            "provincia_id":1
        }
    },
{
        "model": "sistema.Localidad",
        "pk": 110,
        "fields": {
            "nombre": "Zarate",
            "provincia_id":1
        }
    },
{
        "model": "sistema.Localidad",
        "pk": 111,
        "fields": {
            "nombre": "Adolfo Gonzales Chaves",
            "provincia_id":1
        }
    },
{
        "model": "sistema.Localidad",
        "pk": 112,
        "fields": {
            "nombre": "Adolfo Alsina",
            "provincia_id":1
        }
    },
{
        "model": "sistema.Localidad",
        "pk": 113,
        "fields": {
            "nombre": "Lujan",
            "provincia_id":1
        }
    },
{
        "model": "sistema.Localidad",
        "pk": 114,
        "fields": {
            "nombre": "Puan",
            "provincia_id":1
        }
    },
{
        "model": "sistema.Localidad",
        "pk": 115,
        "fields": {
            "nombre": "Pehuajo",
            "provincia_id":1
        }
    },
{
        "model": "sistema.Localidad",
        "pk": 116,
        "fields": {
            "nombre": "Pellegrini",
            "provincia_id":1
        }
    },
{
        "model": "sistema.Localidad",
        "pk": 117,
        "fields": {
            "nombre": "Alberti",
            "provincia_id":1
        }
    },
{
        "model": "sistema.Localidad",
        "pk": 118,
        "fields": {
            "nombre": "Florentino Ameghino",
            "provincia_id":1
        }
    },
{
        "model": "sistema.Localidad",
        "pk": 119,
        "fields": {
            "nombre": "Colon",
            "provincia_id":1
        }
    },
{
        "model": "sistema.Localidad",
        "pk": 120,
        "fields": {
            "nombre": "Carlos Tejedor",
            "provincia_id":1
        }
    },
{
        "model": "sistema.Localidad",
        "pk": 121,
        "fields": {
            "nombre": "Bolivar",
            "provincia_id":1
        }
    },
{
        "model": "sistema.Localidad",
        "pk": 122,
        "fields": {
            "nombre": "Lezama",
            "provincia_id":1
        }
    },
{
        "model": "sistema.Localidad",
        "pk": 123,
        "fields": {
            "nombre": "Hipolito Yrigoyen",
            "provincia_id":1
        }
    },
{
        "model": "sistema.Localidad",
        "pk": 124,
        "fields": {
            "nombre": "Lincoln",
            "provincia_id":1
        }
    },
{
        "model": "sistema.Localidad",
        "pk": 125,
        "fields": {
            "nombre": "Lobos",
            "provincia_id":1
        }
    },
{
        "model": "sistema.Localidad",
        "pk": 126,
        "fields": {
            "nombre": "General Las Heras",
            "provincia_id":1
        }
    },
{
        "model": "sistema.Localidad",
        "pk": 127,
        "fields": {
            "nombre": "Coronel Rosales",
            "provincia_id":1
        }
    },
{
        "model": "sistema.Localidad",
        "pk": 128,
        "fields": {
            "nombre": "Canuelas",
            "provincia_id":1
        }
    },
{
        "model": "sistema.Localidad",
        "pk": 129,
        "fields": {
            "nombre": "Exaltacion de la Cruz",
            "provincia_id":1
        }
    },
{
        "model": "sistema.Localidad",
        "pk": 130,
        "fields": {
            "nombre": "La Costa",
            "provincia_id":1
        }
    },
{
        "model": "sistema.Localidad",
        "pk": 131,
        "fields": {
            "nombre": "Islas Campana",
            "provincia_id":1
        }
    },
{
        "model": "sistema.Localidad",
        "pk": 132,
        "fields": {
            "nombre": "Islas Baradero",
            "provincia_id":1
        }
    },
{
        "model": "sistema.Localidad",
        "pk": 133,
        "fields": {
            "nombre": "Islas Tigre",
            "provincia_id":1
        }
    },
{
        "model": "sistema.Localidad",
        "pk": 134,
        "fields": {
            "nombre": "Florencio Varela",
            "provincia_id":1
        }
    },
{
        "model": "sistema.Localidad",
        "pk": 135,
        "fields": {
            "nombre": "Islas San Fernando",
            "provincia_id":1
        }
    },
{
        "model": "sistema.Localidad",
        "pk": 136,
        "fields": {
            "nombre": "Islas de Zarate",
            "provincia_id":1
        }
    },
{
        "model": "sistema.Localidad",
        "pk": 137,
        "fields": {
            "nombre": "Islas San Pedro",
            "provincia_id":1
        }
    },
{
        "model": "sistema.Localidad",
        "pk": 138,
        "fields": {
            "nombre": "Bragado",
            "provincia_id":1
        }
    },
{
        "model": "sistema.Localidad",
        "pk": 139,
        "fields": {
            "nombre": "Campana",
            "provincia_id":1
        }
    },
{
        "model": "sistema.Localidad",
        "pk": 140,
        "fields": {
            "nombre": "Merlo",
            "provincia_id":1
        }
    },
{
        "model": "sistema.Localidad",
        "pk": 141,
        "fields": {
            "nombre": "General Pueyrredon",
            "provincia_id":1
        }
    },
{
        "model": "sistema.Localidad",
        "pk": 142,
        "fields": {
            "nombre": "Junin",
            "provincia_id":1
        }
    },
{
        "model": "sistema.Localidad",
        "pk": 143,
        "fields": {
            "nombre": "La Plata",
            "provincia_id":1
        }
    },
{
        "model": "sistema.Localidad",
        "pk": 144,
        "fields": {
            "nombre": "Ensenada",
            "provincia_id":1
        }
    },
{
        "model": "sistema.Localidad",
        "pk": 145,
        "fields": {
            "nombre": "Dolores",
            "provincia_id":1
        }
    },

{
  "model": "sistema.estado",
  "pk": 1,
  "fields": {
    "estado": "Nuevo"
  }
},
{
  "model": "sistema.estado",
  "pk": 2,
  "fields": {
    "estado": "Pre-Asignado"
  }
},
{
  "model": "sistema.estado",
  "pk": 3,
  "fields": {
    "estado": "Asignado"
  }
},
{
  "model": "sistema.estado",
  "pk": 4,
  "fields": {
    "estado": "Confirmado"
  }
},
{
  "model": "sistema.estado",
  "pk": 5,
  "fields": {
    "estado": "En Progreso"
  }
},
{
  "model": "sistema.estado",
  "pk": 6,
  "fields": {
    "estado": "Finalizado"
  }
},
{
  "model": "sistema.estado",
  "pk": 7,
  "fields": {
    "estado": "Cerrado"
  }
},
{
  "model": "sistema.estado",
  "pk": 8,
  "fields": {
    "estado": "Cancelado"
  }
},
{
  "model": "sistema.estadocivil",
  "pk": 1,
  "fields": {
    "estado_civil": "Soltero"
  }
},
{
  "model": "sistema.estadocivil",
  "pk": 2,
  "fields": {
    "estado_civil": "Casado"
  }
},
{
  "model": "sistema.estadocivil",
  "pk": 3,
  "fields": {
    "estado_civil": "Viudo"
  }
},
{
  "model": "sistema.estadocivil",
  "pk": 4,
  "fields": {
    "estado_civil": "Divorciado"
  }
},
{
  "model": "sistema.categoriaviaje",
  "pk": 1,
  "fields": {
    "codigo": "STD",
    "categoria": "Auto Std"
  }
},
{
  "model": "sistema.categoriaviaje",
  "pk": 2,
  "fields": {
    "codigo": "VIP",
    "categoria": "Auto VIP"
  }
},
{
  "model": "sistema.categoriaviaje",
  "pk": 3,
  "fields": {
    "codigo": "UTI",
    "categoria": "Utilitario"
  }
},
{
  "model": "sistema.categoriaviaje",
  "pk": 4,
  "fields": {
    "codigo": "EJEC",
    "categoria": "Ejecutivo"
  }
},
{
  "model": "sistema.categoriaviaje",
  "pk": 5,
  "fields": {
    "codigo": "VAN - C",
    "categoria": "VAN Corta"
  }
},
{
  "model": "sistema.categoriaviaje",
  "pk": 6,
  "fields": {
    "codigo": "VAN - L",
    "categoria": "VAN Larga"
  }
},
{
  "model": "sistema.categoriaviaje",
  "pk": 7,
  "fields": {
    "codigo": "MINI",
    "categoria": "Mini Bus"
  }
},
{
  "model": "sistema.categoriaviaje",
  "pk": 8,
  "fields": {
    "codigo": "BUS",
    "categoria": "Bus"
  }
},
{
  "model": "sistema.tipopersona",
  "pk": 1,
  "fields": {
    "tipo_persona": "Contacto"
  }
},
{
  "model": "sistema.tipopersona",
  "pk": 2,
  "fields": {
    "tipo_persona": "Pasajero"
  }
},
{
  "model": "sistema.tipopersona",
  "pk": 3,
  "fields": {
    "tipo_persona": "Chofer"
  }
},
{
  "model": "sistema.tipopersona",
  "pk": 4,
  "fields": {
    "tipo_persona": "Due\u00f1o"
  }
},
{
  "model": "sistema.tipolicencia",
  "pk": 1,
  "fields": {
    "tipo_licencia": "Conducir"
  }
},
{
  "model": "sistema.tipolicencia",
  "pk": 2,
  "fields": {
    "tipo_licencia": "Seguro"
  }
},
{
  "model": "sistema.tipolicencia",
  "pk": 3,
  "fields": {
    "tipo_licencia": "Ciruculacion"
  }
},
{
  "model": "sistema.tipolicencia",
  "pk": 4,
  "fields": {
    "tipo_licencia": "Otra"
  }
},
{
  "model": "sistema.tipotelefono",
  "pk": 1,
  "fields": {
    "tipo_telefono": "Principal"
  }
},
{
  "model": "sistema.tipotelefono",
  "pk": 2,
  "fields": {
    "tipo_telefono": "Celular"
  }
},
{
  "model": "sistema.tipotelefono",
  "pk": 3,
  "fields": {
    "tipo_telefono": "Trabajo"
  }
},
{
  "model": "sistema.telefono",
  "pk": 1,
  "fields": {
    "tipo_telefono": 1,
    "numero": "51324131"
  }
},
{
  "model": "sistema.telefono",
  "pk": 2,
  "fields": {
    "tipo_telefono": 1,
    "numero": "1"
  }
},
{
  "model": "sistema.licencia",
  "pk": 1,
  "fields": {
    "comentario": null,
    "tipo_licencia": 1,
    "fecha_vencimiento": "11042016"
  }
},
{
  "model": "sistema.licencia",
  "pk": 2,
  "fields": {
    "comentario": "se vence",
    "tipo_licencia": 1,
    "fecha_vencimiento": "20182807"
  }
},
{
  "model": "sistema.licencia",
  "pk": 3,
  "fields": {
    "comentario": "seguridad",
    "tipo_licencia": 2,
    "fecha_vencimiento": "20183006"
  }
},
{
  "model": "sistema.licencia",
  "pk": 4,
  "fields": {
    "comentario": "",
    "tipo_licencia": 3,
    "fecha_vencimiento": ""
  }
},
{
  "model": "sistema.licencia",
  "pk": 5,
  "fields": {
    "comentario": "test",
    "tipo_licencia": 1,
    "fecha_vencimiento": "11042016"
  }
},
{
  "model": "sistema.persona",
  "pk": 1,
  "fields": {
    "nombre": "Contacto (nuevocliente)",
    "apellido": "CARLOS",
    "fecha_nacimiento": null,
    "documento": null,
    "tipo_persona": 1,

    "estado_civil": null,
    "calle": null,
    "altura": null,
    "piso": null,
    "localidad": null,
    "cp": null,
    "mail": null,
    "contacto_cliente": null,
    "puesto": null,
    "iva": null,
    "condicion_pago": null,
    "cbu": null,
    "alias": null,
    "dias_fechas_facturas": null,
    "baja": false
  }
},
{
  "model": "sistema.persona",
  "pk": 2,
  "fields": {
    "nombre": "owner guido conduce",
    "apellido": "tony",
    "fecha_nacimiento": null,
    "documento": null,
    "tipo_persona": 4,
    "estado_civil": null,
    "calle": null,
    "altura": null,
    "piso": null,
    "localidad": null,
    "cp": null,
    "mail": null,
    "contacto_cliente": null,
    "puesto": null,
    "iva": null,
    "condicion_pago": null,
    "cbu": null,
    "alias": null,
    "dias_fechas_facturas": null,
    "baja": false
  }
},
{
  "model": "sistema.persona",
  "pk": 3,
  "fields": {
    "nombre": "Contacto 2 (otro cliente)",
    "apellido": "numero",
    "fecha_nacimiento": null,
    "documento": null,
    "tipo_persona": 1,
    "estado_civil": 1,
    "calle": null,
    "altura": null,
    "piso": null,
    "localidad": null,
    "cp": null,
    "mail": null,
    "contacto_cliente": null,
    "puesto": null,
    "iva": null,
    "condicion_pago": null,
    "cbu": null,
    "alias": null,
    "dias_fechas_facturas": null,
    "baja": false
  }
},
{
  "model": "sistema.persona",
  "pk": 4,
  "fields": {
    "nombre": "due\u00f1o pirulo",
    "apellido": "pirulo",
    "fecha_nacimiento": null,
    "documento": null,
    "tipo_persona": 4,
    "estado_civil": null,
    "calle": null,
    "altura": null,
    "piso": null,
    "localidad": null,
    "cp": null,
    "mail": null,
    "contacto_cliente": null,
    "puesto": null,
    "iva": null,
    "condicion_pago": null,
    "cbu": null,
    "alias": null,
    "dias_fechas_facturas": null,
    "baja": false
  }
},
{
  "model": "sistema.persona",
  "pk": 5,
  "fields": {
    "nombre": "Contact (viajes ya)",
    "apellido": "Perez",
    "fecha_nacimiento": null,
    "documento": null,
    "tipo_persona": 1,
    
    "estado_civil": 3,
    "calle": null,
    "altura": null,
    "piso": null,
    "localidad": null,
    "cp": null,
    "mail": null,
    "contacto_cliente": null,
    "puesto": "CEO",
    "iva": null,
    "condicion_pago": null,
    "cbu": null,
    "alias": null,
    "dias_fechas_facturas": null,
    "baja": false
  }
},
{
  "model": "sistema.persona",
  "pk": 6,
  "fields": {
    "nombre": "PEPE Due\u00f1o",
    "apellido": "argento",
    "fecha_nacimiento": null,
    "documento": null,
    "tipo_persona": 4,
    "estado_civil": 2,
    "calle": null,
    "altura": null,
    "piso": null,
    "localidad": null,
    "cp": null,
    "mail": null,
    "contacto_cliente": null,
    "puesto": null,
    "iva": null,
    "condicion_pago": null,
    "cbu": null,
    "alias": null,
    "dias_fechas_facturas": "1",
    "baja": false
  }
},
{
  "model": "sistema.persona",
  "pk": 7,
  "fields": {
    "nombre": "Chofer Guido",
    "apellido": "conduce",
    "fecha_nacimiento": "11042018",
    "tipo_persona": 3,
    "documento": "31322133",
    "estado_civil": 2,
    "calle": "nueva",
    "altura": "123",
    "piso": "5",
    "localidad": "CABA",
    "cp": "1407",
    "mail": "guido.mail@gmial.com",
    "contacto_cliente": null,
    "puesto": "CEO",
    "iva": null,
    "condicion_pago": null,
    "cbu": null,
    "alias": null,
    "dias_fechas_facturas": null,
    "baja": false
  }
},
{
  "model": "sistema.persona",
  "pk": 8,
  "fields": {
    "nombre": "Pasajero (nuevo cliente)",
    "apellido": "roque",
    "fecha_nacimiento": null,
    "documento": null,
    "tipo_persona": 2,
    "estado_civil": 1,
    "calle": null,
    "altura": null,
    "piso": null,
    "localidad": null,
    "cp": null,
    "mail": null,
    "contacto_cliente": null,
    "puesto": null,
    "iva": null,
    "condicion_pago": null,
    "cbu": null,
    "alias": null,
    "dias_fechas_facturas": null,
    "baja": false
  }
},
{
  "model": "sistema.persona",
  "pk": 9,
  "fields": {
    "nombre": "Pasajer (viajes ya)",
    "apellido": "messi",
    "fecha_nacimiento": null,
    "documento": null,
    "tipo_persona": 2,
    "estado_civil": 1,
    "calle": null,
    "altura": null,
    "piso": null,
    "localidad": null,
    "cp": null,
    "mail": null,
    "contacto_cliente": null,
    "puesto": null,
    "iva": null,
    "condicion_pago": null,
    "cbu": null,
    "alias": null,
    "dias_fechas_facturas": null,
    "baja": false
  }
},
{
  "model": "sistema.persona",
  "pk": 10,
  "fields": {
    "nombre": "contact (otro cliente)",
    "apellido": "estevanez",
    "fecha_nacimiento": null,
    "documento": null,
    "tipo_persona": 1,
    "estado_civil": 1,
    "calle": null,
    "altura": null,
    "piso": null,
    "localidad": null,
    "cp": null,
    "mail": null,
    "contacto_cliente": null,
    "puesto": null,
    "iva": null,
    "condicion_pago": null,
    "cbu": null,
    "alias": null,
    "dias_fechas_facturas": null,
    "baja": false
  }
},
{
  "model": "sistema.persona",
  "pk": 11,
  "fields": {
    "nombre": "Pasajero (otro cliente)",
    "apellido": "passanger",
    "fecha_nacimiento": null,
    "documento": null,
    "tipo_persona": 2,
    "estado_civil": 4,
    "calle": null,
    "altura": null,
    "piso": null,
    "localidad": null,
    "cp": null,
    "mail": null,
    "contacto_cliente": null,
    "puesto": null,
    "iva": null,
    "condicion_pago": null,
    "cbu": null,
    "alias": null,
    "dias_fechas_facturas": null,
    "baja": false
  }
},
{
  "model": "sistema.persona",
  "pk": 12,
  "fields": {
    "nombre": "pasajero 2 (otro cliente)",
    "apellido": "quique",
    "fecha_nacimiento": null,
    "documento": null,
    "tipo_persona": 2,
    "estado_civil": 1,
    "calle": null,
    "altura": null,
    "piso": null,
    "localidad": null,
    "cp": null,
    "mail": null,
    "contacto_cliente": null,
    "puesto": null,
    "iva": null,
    "condicion_pago": null,
    "cbu": null,
    "alias": null,
    "dias_fechas_facturas": null,
    "baja": false
  }
},
{
  "model": "sistema.vehiculo",
  "pk": 1,
  "fields": {
    "marca": "ford",
    "modelo": "escort",
    "ano": "1233",
    "color": "rojito",
    "puertas": null,
    "patente": "aa1234fd",
    "nro_motor": "ford escort",
    "nro_chasis": null,
    "dueno": 4
  }
},
{
  "model": "sistema.vehiculo",
  "pk": 2,
  "fields": {
    "marca": "Ford",
    "modelo": "KA",
    "ano": "2016",
    "color": "1",
    "puertas": "2",
    "patente": "OAO676",
    "nro_motor": "OAO676",
    "nro_chasis": "4",
    "dueno": 4
  }
},
{
  "model": "sistema.vehiculo",
  "pk": 3,
  "fields": {
    "marca": "ford",
    "modelo": "123",
    "ano": "1233",
    "color": null,
    "puertas": null,
    "patente": "OAO676",
    "nro_motor": "Bus",
    "nro_chasis": null,
    "dueno": null
  }
},
{
  "model": "sistema.unidad",
  "pk": 1,
  "fields": {
    "identificacion": "Gordo Oscar",
    "chofer": 2,
    "owner": 4,
    "vehiculo": 1,
    "porcentaje_chofer": "80",
    "porcentaje_owner": "20",
    "baja": false
  }
},
{
  "model": "sistema.unidad",
  "pk": 2,
  "fields": {
    "identificacion": "Due\u00f1o Solo",
    "chofer": null,
    "owner": 6,
    "vehiculo": null,
    "porcentaje_chofer": null,
    "porcentaje_owner": "100",
    "baja": false
  }
},
{
  "model": "sistema.unidad",
  "pk": 3,
  "fields": {
    "identificacion": "Guido Conduce",
    "chofer": 7,
    "owner": 2,
    "vehiculo": 3,
    "porcentaje_chofer": "80",
    "porcentaje_owner": "20",
    "baja": false
  }
},
{
  "model": "sistema.tarifario",
  "pk": 1,
  "fields": {
    "nombre": "Normal"
  }
},
{
  "model": "sistema.tarifario",
  "pk": 2,
  "fields": {
    "nombre": "Tarifa +15%"
  }
},
{
  "model": "sistema.cliente",
  "pk": 1,
  "fields": {
    "razon_social": "Otro Cliente",
    "calle": "libertadores",
    "altura": "1234",
    "piso": null,
    "depto": null,
    "cp": null,
    "cuil": null,
    "tarifario": 2,
    "localidad": 1,
    "provincia": 1,
    "iva": null,
    "condicion_pago": null,
    "cbu": null,
    "alias": null,
    "dias_fechas_facturas": "11",
    "baja": true
  }
},
{
  "model": "sistema.cliente",
  "pk": 2,
  "fields": {
    "razon_social": "ViajesYa",
    "calle": "calle falsa",
    "altura": "1234",
    "piso": "1",
    "depto": "4",
    "cp": "1407",
    "cuil": "12341423",
    "tarifario": 2,
    "localidad": 7,
    "provincia": 1,
    "iva": "21%",
    "condicion_pago": "cuando puede",
    "cbu": null,
    "alias": null,
    "dias_fechas_facturas": "15",
    "baja": false
  }
},
{
  "model": "sistema.cliente",
  "pk": 3,
  "fields": {
    "razon_social": "NuevoCliente",
    "calle": "habana y segurola",
    "altura": "4100",
    "piso": "7",
    "depto": "E",
    "cp": "123",
    "cuil": "12313123",
    "tarifario": 1,
    "localidad": 9,
    "provincia": 1,
    "iva": "21",
    "condicion_pago": null,
    "cbu": null,
    "alias": null,
    "dias_fechas_facturas": "11",
    "baja": false
  }
},
{
  "model": "sistema.centrocosto",
  "pk": 1,
  "fields": {
    "nombre": "CC otro cliente",
    "fecha_inicio": null,
    "fecha_fin": null,
    "descripcion": "",
    "cliente": 1,
    "tarifario": 1
  }
},
{
  "model": "sistema.centrocosto",
  "pk": 2,
  "fields": {
    "nombre": "CC viajesya",
    "fecha_inicio": null,
    "fecha_fin": null,
    "descripcion": "",
    "cliente": 2,
    "tarifario": 2
  }
},
{
  "model": "sistema.centrocosto",
  "pk": 3,
  "fields": {
    "nombre": "CC nuevo cliente",
    "fecha_inicio": null,
    "fecha_fin": null,
    "descripcion": "",
    "cliente": 3,
    "tarifario": 1
  }
},
{
  "model": "sistema.tipotrayectodestino",
  "pk": 1,
  "fields": {
    "nombre": "TipoTrayecto"
  }
},
{
  "model": "sistema.trayectodestino",
  "pk": 1,
  "fields": {
    "nombre": "Ezeiza",
    "tipo_trayecto_destino": null
  }
},
{
  "model": "sistema.trayectodestino",
  "pk": 2,
  "fields": {
    "nombre": "AEP",
    "tipo_trayecto_destino": null
  }
},
{
  "model": "sistema.trayectodestino",
  "pk": 3,
  "fields": {
    "nombre": "Buquebus",
    "tipo_trayecto_destino": null
  }
},
{
  "model": "sistema.trayectodestino",
  "pk": 4,
  "fields": {
    "nombre": "Retiro",
    "tipo_trayecto_destino": null
  }
},
{
  "model": "sistema.trayectodestino",
  "pk": 5,
  "fields": {
    "nombre": "Interior",
    "tipo_trayecto_destino": null
  }
},
{
  "model": "sistema.trayectodestino",
  "pk": 6,
  "fields": {
    "nombre": "CABA",
    "tipo_trayecto_destino": null
  }
},
{
  "model": "sistema.trayectodestino",
  "pk": 7,
  "fields": {
    "nombre": "Buenos Aires",
    "tipo_trayecto_destino": null
  }
},
{
  "model": "sistema.personacliente",
  "pk": 1,
  "fields": {
    "persona": 10,
    "cliente": 1
  }
},
{
  "model": "sistema.personacliente",
  "pk": 2,
  "fields": {
    "persona": 3,
    "cliente": 1
  }
},
{
  "model": "sistema.personacliente",
  "pk": 3,
  "fields": {
    "persona": 8,
    "cliente": 3
  }
},
{
  "model": "sistema.personacliente",
  "pk": 4,
  "fields": {
    "persona": 1,
    "cliente": 3
  }
},
{
  "model": "sistema.personacliente",
  "pk": 5,
  "fields": {
    "persona": 5,
    "cliente": 2
  }
},
{
  "model": "sistema.personacliente",
  "pk": 6,
  "fields": {
    "persona": 9,
    "cliente": 2
  }
},
{
  "model": "sistema.personacliente",
  "pk": 7,
  "fields": {
    "persona": 11,
    "cliente": 1
  }
},
{
  "model": "sistema.personacliente",
  "pk": 8,
  "fields": {
    "persona": 12,
    "cliente": 1
  }
},
{
  "model": "sistema.observacion",
  "pk": 1,
  "fields": {
    "fecha": "201806241216",
    "texto": "Observacion traida desde initial.json",
    "tipo_observacion": 1,
    "usuario": 1
  }
},
{
  "model": "sistema.observacionunidad",
  "pk": 1,
  "fields": {
    "observacion": 1,
    "unidad": 2
  }
},
{
  "model": "sistema.telefonopersona",
  "pk": 1,
  "fields": {
    "telefono": 2,
    "persona": 7
  }
},
{
  "model": "sistema.telefonocliente",
  "pk": 1,
  "fields": {
    "telefono": 1,
    "cliente": 3
  }
},
{
  "model": "sistema.licenciapersona",
  "pk": 1,
  "fields": {
    "licencia": 2,
    "persona": 6
  }
},
{
  "model": "sistema.licenciapersona",
  "pk": 2,
  "fields": {
    "licencia": 3,
    "persona": 6
  }
},
{
  "model": "sistema.licenciapersona",
  "pk": 3,
  "fields": {
    "licencia": 5,
    "persona": 6
  }
}
]
